{
  "data": {
    "rows_after_exact_dedup": 767,
    "train_rows": 459,
    "validation_rows": 154,
    "test_rows": 154,
    "active_count_total": 599,
    "failed_count_total": 168
  },
  "best_model": {
    "name": "Random Forest",
    "best_cv_pr_auc_failed": 0.940952217270174,
    "best_params": {
      "model__n_estimators": 400,
      "model__min_samples_split": 2,
      "model__min_samples_leaf": 1,
      "model__max_features": "log2",
      "model__max_depth": 30
    }
  },
  "validation_ranking": [
    {
      "model_name": "Random Forest",
      "cv_pr_auc_failed": 0.940952217270174,
      "accuracy": 0.9155844155844156,
      "balanced_accuracy": 0.8299019607843137,
      "precision_failed": 0.92,
      "recall_failed": 0.6764705882352942,
      "f1_failed": 0.7796610169491526,
      "roc_auc_failed": 0.9697303921568627,
      "pr_auc_failed": 0.9259550263351264,
      "brier_failed": 0.05501712662337662
    },
    {
      "model_name": "LightGBM",
      "cv_pr_auc_failed": 0.9442628204519344,
      "accuracy": 0.9415584415584416,
      "balanced_accuracy": 0.8992647058823529,
      "precision_failed": 0.9032258064516129,
      "recall_failed": 0.8235294117647058,
      "f1_failed": 0.8615384615384616,
      "roc_auc_failed": 0.9620098039215687,
      "pr_auc_failed": 0.9258291323971689,
      "brier_failed": 0.05227232765683031
    },
    {
      "model_name": "XGBoost",
      "cv_pr_auc_failed": 0.9483755348350437,
      "accuracy": 0.9090909090909091,
      "balanced_accuracy": 0.8678921568627451,
      "precision_failed": 0.7941176470588235,
      "recall_failed": 0.7941176470588235,
      "f1_failed": 0.7941176470588235,
      "roc_auc_failed": 0.9590686274509804,
      "pr_auc_failed": 0.9189864666268192,
      "brier_failed": 0.05875168368220329
    },
    {
      "model_name": "Logistic Regression",
      "cv_pr_auc_failed": 0.8975927911578132,
      "accuracy": 0.9025974025974026,
      "balanced_accuracy": 0.8637254901960785,
      "precision_failed": 0.7714285714285715,
      "recall_failed": 0.7941176470588235,
      "f1_failed": 0.782608695652174,
      "roc_auc_failed": 0.9495098039215686,
      "pr_auc_failed": 0.9029709998891997,
      "brier_failed": 0.07024866198704445
    }
  ],
  "calibration_choice": {
    "used_calibrated_model": true,
    "uncalibrated_validation_metrics": {
      "accuracy": 0.9155844155844156,
      "balanced_accuracy": 0.8299019607843137,
      "precision_failed": 0.92,
      "recall_failed": 0.6764705882352942,
      "f1_failed": 0.7796610169491526,
      "roc_auc_failed": 0.9697303921568627,
      "pr_auc_failed": 0.9259550263351264,
      "brier_failed": 0.05501712662337662
    },
    "calibrated_validation_metrics": {
      "accuracy": 0.9285714285714286,
      "balanced_accuracy": 0.8803921568627451,
      "precision_failed": 0.8709677419354839,
      "recall_failed": 0.7941176470588235,
      "f1_failed": 0.8307692307692308,
      "roc_auc_failed": 0.9697303921568627,
      "pr_auc_failed": 0.9259550263351264,
      "brier_failed": 0.05360603630967565
    }
  },
  "test_metrics": {
    "accuracy": 0.961038961038961,
    "balanced_accuracy": 0.9117647058823529,
    "precision_failed": 1.0,
    "recall_failed": 0.8235294117647058,
    "f1_failed": 0.9032258064516129,
    "roc_auc_failed": 0.9580882352941176,
    "pr_auc_failed": 0.9343592043075503,
    "brier_failed": 0.03996046262791835
  },
  "test_confusion_matrix": [
    [
      120,
      0
    ],
    [
      6,
      28
    ]
  ],
  "test_classification_report": "              precision    recall  f1-score   support\n\n      Active       0.95      1.00      0.98       120\n      Failed       1.00      0.82      0.90        34\n\n    accuracy                           0.96       154\n   macro avg       0.98      0.91      0.94       154\nweighted avg       0.96      0.96      0.96       154\n"
}