{
  "data": {
    "rows_after_exact_dedup": 767,
    "train_rows": 459,
    "validation_rows": 154,
    "test_rows": 154,
    "active_count_total": 599,
    "failed_count_total": 168
  },
  "best_model": {
    "name": "XGBoost",
    "best_cv_pr_auc_failed": 0.9451164944137933,
    "best_params": {
      "model__subsample": 0.85,
      "model__n_estimators": 400,
      "model__min_child_weight": 5,
      "model__max_depth": 3,
      "model__learning_rate": 0.1,
      "model__colsample_bytree": 0.7
    }
  },
  "validation_ranking": [
    {
      "model_name": "XGBoost",
      "cv_pr_auc_failed": 0.9451164944137933,
      "accuracy": 0.9415584415584416,
      "balanced_accuracy": 0.8887254901960784,
      "precision_failed": 0.9310344827586207,
      "recall_failed": 0.7941176470588235,
      "f1_failed": 0.8571428571428571,
      "roc_auc_failed": 0.9691176470588234,
      "pr_auc_failed": 0.922294633420225,
      "brier_failed": 0.056763842701911926
    },
    {
      "model_name": "Random Forest",
      "cv_pr_auc_failed": 0.9377033660009936,
      "accuracy": 0.9155844155844156,
      "balanced_accuracy": 0.8404411764705882,
      "precision_failed": 0.8888888888888888,
      "recall_failed": 0.7058823529411765,
      "f1_failed": 0.7868852459016393,
      "roc_auc_failed": 0.9651960784313725,
      "pr_auc_failed": 0.9119212786993124,
      "brier_failed": 0.05902371094805131
    },
    {
      "model_name": "LightGBM",
      "cv_pr_auc_failed": 0.9382691393944187,
      "accuracy": 0.9090909090909091,
      "balanced_accuracy": 0.8362745098039216,
      "precision_failed": 0.8571428571428571,
      "recall_failed": 0.7058823529411765,
      "f1_failed": 0.7741935483870968,
      "roc_auc_failed": 0.9475490196078431,
      "pr_auc_failed": 0.9022163117349804,
      "brier_failed": 0.06585573323744714
    },
    {
      "model_name": "Logistic Regression",
      "cv_pr_auc_failed": 0.8896867099891397,
      "accuracy": 0.8961038961038961,
      "balanced_accuracy": 0.8595588235294118,
      "precision_failed": 0.75,
      "recall_failed": 0.7941176470588235,
      "f1_failed": 0.7714285714285715,
      "roc_auc_failed": 0.945343137254902,
      "pr_auc_failed": 0.8979208487865569,
      "brier_failed": 0.07329874993928963
    }
  ],
  "calibration_choice": {
    "used_calibrated_model": true,
    "uncalibrated_validation_metrics": {
      "accuracy": 0.9415584415584416,
      "balanced_accuracy": 0.8887254901960784,
      "precision_failed": 0.9310344827586207,
      "recall_failed": 0.7941176470588235,
      "f1_failed": 0.8571428571428571,
      "roc_auc_failed": 0.9691176470588234,
      "pr_auc_failed": 0.922294633420225,
      "brier_failed": 0.056763842701911926
    },
    "calibrated_validation_metrics": {
      "accuracy": 0.935064935064935,
      "balanced_accuracy": 0.8740196078431373,
      "precision_failed": 0.9285714285714286,
      "recall_failed": 0.7647058823529411,
      "f1_failed": 0.8387096774193549,
      "roc_auc_failed": 0.9691176470588234,
      "pr_auc_failed": 0.922294633420225,
      "brier_failed": 0.056497763871029665
    }
  },
  "test_metrics": {
    "accuracy": 0.961038961038961,
    "balanced_accuracy": 0.9223039215686275,
    "precision_failed": 0.9666666666666667,
    "recall_failed": 0.8529411764705882,
    "f1_failed": 0.90625,
    "roc_auc_failed": 0.9480392156862746,
    "pr_auc_failed": 0.9387257221781362,
    "brier_failed": 0.03722880064461609
  },
  "test_confusion_matrix": [
    [
      119,
      1
    ],
    [
      5,
      29
    ]
  ],
  "test_classification_report": "              precision    recall  f1-score   support\n\n      Active       0.96      0.99      0.98       120\n      Failed       0.97      0.85      0.91        34\n\n    accuracy                           0.96       154\n   macro avg       0.96      0.92      0.94       154\nweighted avg       0.96      0.96      0.96       154\n"
}